position,native_aa,recovery_rate,n_matches,n_designs,protein
0,M,43.75,14,32,2RN2_A
1,L,3.125,1,32,2RN2_A
2,K,50.0,16,32,2RN2_A
3,Q,0.0,0,32,2RN2_A
4,V,100.0,32,32,2RN2_A
5,E,56.25,18,32,2RN2_A
6,I,100.0,32,32,2RN2_A
7,F,0.0,0,32,2RN2_A
8,T,93.75,30,32,2RN2_A
9,D,100.0,32,32,2RN2_A
10,G,100.0,32,32,2RN2_A
11,S,0.0,0,32,2RN2_A
12,C,0.0,0,32,2RN2_A
13,L,53.125,17,32,2RN2_A
14,G,100.0,32,32,2RN2_A
15,N,100.0,32,32,2RN2_A
16,P,100.0,32,32,2RN2_A
17,G,100.0,32,32,2RN2_A
18,P,100.0,32,32,2RN2_A
19,G,71.875,23,32,2RN2_A
20,G,100.0,32,32,2RN2_A
21,Y,93.75,30,32,2RN2_A
22,G,100.0,32,32,2RN2_A
23,A,56.25,18,32,2RN2_A
24,I,100.0,32,32,2RN2_A
25,L,50.0,16,32,2RN2_A
26,R,0.0,0,32,2RN2_A
27,Y,100.0,32,32,2RN2_A
28,R,0.0,0,32,2RN2_A
29,G,0.0,0,32,2RN2_A
30,R,0.0,0,32,2RN2_A
31,E,0.0,0,32,2RN2_A
32,K,9.375,3,32,2RN2_A
33,T,37.5,12,32,2RN2_A
34,F,28.125,9,32,2RN2_A
35,S,87.5,28,32,2RN2_A
36,A,0.0,0,32,2RN2_A
37,G,100.0,32,32,2RN2_A
38,Y,81.25,26,32,2RN2_A
39,T,3.125,1,32,2RN2_A
40,R,3.125,1,32,2RN2_A
41,T,71.875,23,32,2RN2_A
42,T,100.0,32,32,2RN2_A
43,N,0.0,0,32,2RN2_A
44,N,6.25,2,32,2RN2_A
45,R,3.125,1,32,2RN2_A
46,M,68.75,22,32,2RN2_A
47,E,100.0,32,32,2RN2_A
48,L,93.75,30,32,2RN2_A
49,M,0.0,0,32,2RN2_A
50,A,100.0,32,32,2RN2_A
51,A,9.375,3,32,2RN2_A
52,I,100.0,32,32,2RN2_A
53,V,9.375,3,32,2RN2_A
54,A,90.625,29,32,2RN2_A
55,L,100.0,32,32,2RN2_A
56,E,6.25,2,32,2RN2_A
57,A,0.0,0,32,2RN2_A
58,L,100.0,32,32,2RN2_A
59,K,93.75,30,32,2RN2_A
60,E,68.75,22,32,2RN2_A
61,H,0.0,0,32,2RN2_A
62,C,0.0,0,32,2RN2_A
63,E,0.0,0,32,2RN2_A
64,V,93.75,30,32,2RN2_A
65,I,9.375,3,32,2RN2_A
66,L,71.875,23,32,2RN2_A
67,S,0.0,0,32,2RN2_A
68,T,100.0,32,32,2RN2_A
69,D,100.0,32,32,2RN2_A
70,S,100.0,32,32,2RN2_A
71,Q,0.0,0,32,2RN2_A
72,Y,3.125,1,32,2RN2_A
73,V,37.5,12,32,2RN2_A
74,R,0.0,0,32,2RN2_A
75,Q,0.0,0,32,2RN2_A
76,G,0.0,0,32,2RN2_A
77,I,0.0,0,32,2RN2_A
78,T,3.125,1,32,2RN2_A
79,Q,0.0,0,32,2RN2_A
80,W,0.0,0,32,2RN2_A
81,I,96.875,31,32,2RN2_A
82,H,0.0,0,32,2RN2_A
83,N,0.0,0,32,2RN2_A
84,W,0.0,0,32,2RN2_A
85,K,96.875,31,32,2RN2_A
86,K,81.25,26,32,2RN2_A
87,R,0.0,0,32,2RN2_A
88,G,12.5,4,32,2RN2_A
89,W,100.0,32,32,2RN2_A
90,K,53.125,17,32,2RN2_A
91,T,87.5,28,32,2RN2_A
92,A,0.0,0,32,2RN2_A
93,D,62.5,20,32,2RN2_A
94,K,0.0,0,32,2RN2_A
95,K,96.875,31,32,2RN2_A
96,P,96.875,31,32,2RN2_A
97,V,100.0,32,32,2RN2_A
98,K,84.375,27,32,2RN2_A
99,N,6.25,2,32,2RN2_A
100,V,12.5,4,32,2RN2_A
101,D,0.0,0,32,2RN2_A
102,L,93.75,30,32,2RN2_A
103,W,6.25,2,32,2RN2_A
104,Q,0.0,0,32,2RN2_A
105,R,0.0,0,32,2RN2_A
106,L,100.0,32,32,2RN2_A
107,D,3.125,1,32,2RN2_A
108,A,0.0,0,32,2RN2_A
109,A,0.0,0,32,2RN2_A
110,L,93.75,30,32,2RN2_A
111,G,0.0,0,32,2RN2_A
112,Q,0.0,0,32,2RN2_A
113,H,81.25,26,32,2RN2_A
114,Q,0.0,0,32,2RN2_A
115,I,6.25,2,32,2RN2_A
116,K,18.75,6,32,2RN2_A
117,W,0.0,0,32,2RN2_A
118,E,6.25,2,32,2RN2_A
119,W,0.0,0,32,2RN2_A
120,V,71.875,23,32,2RN2_A
121,K,21.875,7,32,2RN2_A
122,G,0.0,0,32,2RN2_A
123,H,0.0,0,32,2RN2_A
124,A,0.0,0,32,2RN2_A
125,G,90.625,29,32,2RN2_A
126,H,0.0,0,32,2RN2_A
127,P,65.625,21,32,2RN2_A
128,E,100.0,32,32,2RN2_A
129,N,0.0,0,32,2RN2_A
130,E,0.0,0,32,2RN2_A
131,R,0.0,0,32,2RN2_A
132,C,100.0,32,32,2RN2_A
133,D,96.875,31,32,2RN2_A
134,E,59.375,19,32,2RN2_A
135,L,100.0,32,32,2RN2_A
136,A,100.0,32,32,2RN2_A
137,R,0.0,0,32,2RN2_A
138,A,31.25,10,32,2RN2_A
139,A,100.0,32,32,2RN2_A
140,A,100.0,32,32,2RN2_A
141,M,0.0,0,32,2RN2_A
142,N,62.5,20,32,2RN2_A
143,P,100.0,32,32,2RN2_A
144,T,100.0,32,32,2RN2_A
145,L,0.0,0,32,2RN2_A
146,E,96.875,31,32,2RN2_A
147,D,6.25,2,32,2RN2_A
148,T,3.125,1,32,2RN2_A
149,G,0.0,0,32,2RN2_A
150,Y,81.25,26,32,2RN2_A
151,Q,0.0,0,32,2RN2_A
152,V,0.0,0,32,2RN2_A
153,E,21.875,7,32,2RN2_A
154,V,3.125,1,32,2RN2_A
0,D,0.0,0,32,1A8E_A
1,K,0.0,0,32,1A8E_A
2,T,100.0,32,32,1A8E_A
3,V,46.875,15,32,1A8E_A
4,R,87.5,28,32,1A8E_A
5,W,3.125,1,32,1A8E_A
6,C,15.625,5,32,1A8E_A
7,A,100.0,32,32,1A8E_A
8,V,100.0,32,32,1A8E_A
9,S,0.0,0,32,1A8E_A
10,E,87.5,28,32,1A8E_A
11,H,0.0,0,32,1A8E_A
12,E,100.0,32,32,1A8E_A
13,A,53.125,17,32,1A8E_A
14,T,0.0,0,32,1A8E_A
15,K,100.0,32,32,1A8E_A
16,C,0.0,0,32,1A8E_A
17,Q,3.125,1,32,1A8E_A
18,S,0.0,0,32,1A8E_A
19,F,0.0,0,32,1A8E_A
20,R,0.0,0,32,1A8E_A
21,D,0.0,0,32,1A8E_A
22,H,0.0,0,32,1A8E_A
23,M,0.0,0,32,1A8E_A
24,K,84.375,27,32,1A8E_A
25,S,3.125,1,32,1A8E_A
26,V,71.875,23,32,1A8E_A
27,I,0.0,0,32,1A8E_A
28,P,87.5,28,32,1A8E_A
29,S,0.0,0,32,1A8E_A
30,D,96.875,31,32,1A8E_A
31,G,90.625,29,32,1A8E_A
32,P,3.125,1,32,1A8E_A
33,S,3.125,1,32,1A8E_A
34,V,0.0,0,32,1A8E_A
35,A,0.0,0,32,1A8E_A
36,C,0.0,0,32,1A8E_A
37,V,100.0,32,32,1A8E_A
38,K,68.75,22,32,1A8E_A
39,K,0.0,0,32,1A8E_A
40,A,0.0,0,32,1A8E_A
41,S,96.875,31,32,1A8E_A
42,Y,25.0,8,32,1A8E_A
43,L,0.0,0,32,1A8E_A
44,D,0.0,0,32,1A8E_A
45,C,0.0,0,32,1A8E_A
46,I,31.25,10,32,1A8E_A
47,R,6.25,2,32,1A8E_A
48,A,100.0,32,32,1A8E_A
49,I,100.0,32,32,1A8E_A
50,A,96.875,31,32,1A8E_A
51,A,3.125,1,32,1A8E_A
52,N,0.0,0,32,1A8E_A
53,E,50.0,16,32,1A8E_A
54,A,100.0,32,32,1A8E_A
55,D,100.0,32,32,1A8E_A
56,A,75.0,24,32,1A8E_A
57,V,56.25,18,32,1A8E_A
58,T,0.0,0,32,1A8E_A
59,L,96.875,31,32,1A8E_A
60,D,37.5,12,32,1A8E_A
61,A,0.0,0,32,1A8E_A
62,G,100.0,32,32,1A8E_A
63,L,71.875,23,32,1A8E_A
64,V,56.25,18,32,1A8E_A
65,Y,96.875,31,32,1A8E_A
66,D,0.0,0,32,1A8E_A
67,A,100.0,32,32,1A8E_A
68,Y,0.0,0,32,1A8E_A
69,L,0.0,0,32,1A8E_A
70,A,0.0,0,32,1A8E_A
71,P,100.0,32,32,1A8E_A
72,N,0.0,0,32,1A8E_A
73,N,93.75,30,32,1A8E_A
74,L,100.0,32,32,1A8E_A
75,K,0.0,0,32,1A8E_A
76,P,100.0,32,32,1A8E_A
77,V,100.0,32,32,1A8E_A
78,V,100.0,32,32,1A8E_A
79,A,40.625,13,32,1A8E_A
80,E,53.125,17,32,1A8E_A
81,F,0.0,0,32,1A8E_A
82,Y,100.0,32,32,1A8E_A
83,G,100.0,32,32,1A8E_A
84,S,100.0,32,32,1A8E_A
85,K,18.75,6,32,1A8E_A
86,E,100.0,32,32,1A8E_A
87,D,0.0,0,32,1A8E_A
88,P,100.0,32,32,1A8E_A
89,Q,15.625,5,32,1A8E_A
90,T,0.0,0,32,1A8E_A
91,F,0.0,0,32,1A8E_A
92,Y,100.0,32,32,1A8E_A
93,Y,0.0,0,32,1A8E_A
94,A,65.625,21,32,1A8E_A
95,V,100.0,32,32,1A8E_A
96,A,6.25,2,32,1A8E_A
97,V,96.875,31,32,1A8E_A
98,V,93.75,30,32,1A8E_A
99,K,87.5,28,32,1A8E_A
100,K,100.0,32,32,1A8E_A
101,D,81.25,26,32,1A8E_A
102,S,31.25,10,32,1A8E_A
103,G,100.0,32,32,1A8E_A
104,F,81.25,26,32,1A8E_A
105,Q,0.0,0,32,1A8E_A
106,M,0.0,0,32,1A8E_A
107,N,21.875,7,32,1A8E_A
108,Q,9.375,3,32,1A8E_A
109,L,100.0,32,32,1A8E_A
110,R,0.0,0,32,1A8E_A
111,G,100.0,32,32,1A8E_A
112,K,100.0,32,32,1A8E_A
113,K,84.375,27,32,1A8E_A
114,S,0.0,0,32,1A8E_A
115,C,0.0,0,32,1A8E_A
116,H,0.0,0,32,1A8E_A
117,T,9.375,3,32,1A8E_A
118,G,62.5,20,32,1A8E_A
119,L,3.125,1,32,1A8E_A
120,G,34.375,11,32,1A8E_A
121,R,0.0,0,32,1A8E_A
122,S,21.875,7,32,1A8E_A
123,A,75.0,24,32,1A8E_A
124,G,100.0,32,32,1A8E_A
125,W,15.625,5,32,1A8E_A
126,N,0.0,0,32,1A8E_A
127,I,28.125,9,32,1A8E_A
128,P,100.0,32,32,1A8E_A
129,I,6.25,2,32,1A8E_A
130,G,0.0,0,32,1A8E_A
131,L,53.125,17,32,1A8E_A
132,L,81.25,26,32,1A8E_A
133,Y,12.5,4,32,1A8E_A
134,C,0.0,0,32,1A8E_A
135,D,9.375,3,32,1A8E_A
136,L,100.0,32,32,1A8E_A
137,P,100.0,32,32,1A8E_A
138,E,100.0,32,32,1A8E_A
139,P,100.0,32,32,1A8E_A
140,R,75.0,24,32,1A8E_A
141,K,100.0,32,32,1A8E_A
142,P,100.0,32,32,1A8E_A
143,L,87.5,28,32,1A8E_A
144,E,78.125,25,32,1A8E_A
145,K,40.625,13,32,1A8E_A
146,A,100.0,32,32,1A8E_A
147,V,28.125,9,32,1A8E_A
148,A,78.125,25,32,1A8E_A
149,N,6.25,2,32,1A8E_A
150,F,56.25,18,32,1A8E_A
151,F,100.0,32,32,1A8E_A
152,S,0.0,0,32,1A8E_A
153,G,100.0,32,32,1A8E_A
154,S,0.0,0,32,1A8E_A
155,C,0.0,0,32,1A8E_A
156,A,0.0,0,32,1A8E_A
157,P,100.0,32,32,1A8E_A
158,C,0.0,0,32,1A8E_A
159,A,90.625,29,32,1A8E_A
160,D,100.0,32,32,1A8E_A
161,G,0.0,0,32,1A8E_A
162,T,0.0,0,32,1A8E_A
163,D,0.0,0,32,1A8E_A
164,F,75.0,24,32,1A8E_A
165,P,100.0,32,32,1A8E_A
166,Q,0.0,0,32,1A8E_A
167,L,100.0,32,32,1A8E_A
168,C,100.0,32,32,1A8E_A
169,Q,0.0,0,32,1A8E_A
170,L,56.25,18,32,1A8E_A
171,C,0.0,0,32,1A8E_A
172,P,100.0,32,32,1A8E_A
173,G,100.0,32,32,1A8E_A
174,C,100.0,32,32,1A8E_A
175,G,9.375,3,32,1A8E_A
176,C,0.0,0,32,1A8E_A
177,S,0.0,0,32,1A8E_A
178,T,0.0,0,32,1A8E_A
179,L,0.0,0,32,1A8E_A
180,N,93.75,30,32,1A8E_A
181,Q,0.0,0,32,1A8E_A
182,Y,100.0,32,32,1A8E_A
183,F,0.0,0,32,1A8E_A
184,G,100.0,32,32,1A8E_A
185,Y,0.0,0,32,1A8E_A
186,S,0.0,0,32,1A8E_A
187,G,100.0,32,32,1A8E_A
188,A,100.0,32,32,1A8E_A
189,F,34.375,11,32,1A8E_A
190,K,71.875,23,32,1A8E_A
191,C,0.0,0,32,1A8E_A
192,L,100.0,32,32,1A8E_A
193,K,18.75,6,32,1A8E_A
194,D,100.0,32,32,1A8E_A
195,G,100.0,32,32,1A8E_A
196,A,0.0,0,32,1A8E_A
197,G,0.0,0,32,1A8E_A
198,D,100.0,32,32,1A8E_A
199,V,90.625,29,32,1A8E_A
200,A,100.0,32,32,1A8E_A
201,F,37.5,12,32,1A8E_A
202,V,93.75,30,32,1A8E_A
203,K,0.0,0,32,1A8E_A
204,H,0.0,0,32,1A8E_A
205,S,0.0,0,32,1A8E_A
206,T,100.0,32,32,1A8E_A
207,I,0.0,0,32,1A8E_A
208,F,78.125,25,32,1A8E_A
209,E,21.875,7,32,1A8E_A
210,N,0.0,0,32,1A8E_A
211,L,65.625,21,32,1A8E_A
212,A,0.0,0,32,1A8E_A
213,N,0.0,0,32,1A8E_A
214,K,12.5,4,32,1A8E_A
215,A,28.125,9,32,1A8E_A
216,D,0.0,0,32,1A8E_A
217,R,84.375,27,32,1A8E_A
218,D,12.5,4,32,1A8E_A
219,Q,0.0,0,32,1A8E_A
220,Y,50.0,16,32,1A8E_A
221,E,81.25,26,32,1A8E_A
222,L,100.0,32,32,1A8E_A
223,L,100.0,32,32,1A8E_A
224,C,100.0,32,32,1A8E_A
225,L,75.0,24,32,1A8E_A
226,D,100.0,32,32,1A8E_A
227,N,93.75,30,32,1A8E_A
228,T,100.0,32,32,1A8E_A
229,R,0.0,0,32,1A8E_A
230,K,53.125,17,32,1A8E_A
231,P,100.0,32,32,1A8E_A
232,V,6.25,2,32,1A8E_A
233,D,18.75,6,32,1A8E_A
234,E,25.0,8,32,1A8E_A
235,Y,100.0,32,32,1A8E_A
236,K,25.0,8,32,1A8E_A
237,D,12.5,4,32,1A8E_A
238,C,100.0,32,32,1A8E_A
239,H,90.625,29,32,1A8E_A
240,L,100.0,32,32,1A8E_A
241,A,96.875,31,32,1A8E_A
242,Q,0.0,0,32,1A8E_A
243,V,84.375,27,32,1A8E_A
244,P,100.0,32,32,1A8E_A
245,S,9.375,3,32,1A8E_A
246,H,25.0,8,32,1A8E_A
247,T,0.0,0,32,1A8E_A
248,V,53.125,17,32,1A8E_A
249,V,71.875,23,32,1A8E_A
250,A,37.5,12,32,1A8E_A
251,R,100.0,32,32,1A8E_A
252,S,6.25,2,32,1A8E_A
253,M,0.0,0,32,1A8E_A
254,G,0.0,0,32,1A8E_A
255,G,100.0,32,32,1A8E_A
256,K,100.0,32,32,1A8E_A
257,E,40.625,13,32,1A8E_A
258,D,37.5,12,32,1A8E_A
259,L,100.0,32,32,1A8E_A
260,I,43.75,14,32,1A8E_A
261,W,0.0,0,32,1A8E_A
262,E,100.0,32,32,1A8E_A
263,L,100.0,32,32,1A8E_A
264,L,100.0,32,32,1A8E_A
265,N,0.0,0,32,1A8E_A
266,Q,0.0,0,32,1A8E_A
267,A,100.0,32,32,1A8E_A
268,Q,0.0,0,32,1A8E_A
269,E,59.375,19,32,1A8E_A
270,H,25.0,8,32,1A8E_A
271,F,84.375,27,32,1A8E_A
272,G,100.0,32,32,1A8E_A
273,K,0.0,0,32,1A8E_A
274,D,0.0,0,32,1A8E_A
275,K,100.0,32,32,1A8E_A
276,S,100.0,32,32,1A8E_A
277,K,62.5,20,32,1A8E_A
278,E,75.0,24,32,1A8E_A
279,F,100.0,32,32,1A8E_A
280,Q,0.0,0,32,1A8E_A
281,L,84.375,27,32,1A8E_A
282,F,100.0,32,32,1A8E_A
283,S,96.875,31,32,1A8E_A
284,S,100.0,32,32,1A8E_A
285,P,71.875,23,32,1A8E_A
286,H,3.125,1,32,1A8E_A
287,G,100.0,32,32,1A8E_A
288,K,37.5,12,32,1A8E_A
289,D,100.0,32,32,1A8E_A
290,L,100.0,32,32,1A8E_A
291,L,100.0,32,32,1A8E_A
292,F,87.5,28,32,1A8E_A
293,K,0.0,0,32,1A8E_A
294,D,87.5,28,32,1A8E_A
295,S,0.0,0,32,1A8E_A
296,A,100.0,32,32,1A8E_A
297,H,0.0,0,32,1A8E_A
298,G,100.0,32,32,1A8E_A
299,F,100.0,32,32,1A8E_A
300,L,0.0,0,32,1A8E_A
301,K,40.625,13,32,1A8E_A
302,V,93.75,30,32,1A8E_A
303,P,100.0,32,32,1A8E_A
304,P,0.0,0,32,1A8E_A
305,R,0.0,0,32,1A8E_A
306,M,0.0,0,32,1A8E_A
307,D,0.0,0,32,1A8E_A
308,A,93.75,30,32,1A8E_A
309,K,6.25,2,32,1A8E_A
310,M,0.0,0,32,1A8E_A
311,Y,75.0,24,32,1A8E_A
312,L,100.0,32,32,1A8E_A
313,G,100.0,32,32,1A8E_A
314,Y,0.0,0,32,1A8E_A
315,E,100.0,32,32,1A8E_A
316,Y,0.0,0,32,1A8E_A
317,V,100.0,32,32,1A8E_A
318,T,0.0,0,32,1A8E_A
319,A,0.0,0,32,1A8E_A
320,I,68.75,22,32,1A8E_A
321,R,6.25,2,32,1A8E_A
322,N,12.5,4,32,1A8E_A
323,L,93.75,30,32,1A8E_A
324,R,15.625,5,32,1A8E_A
325,E,28.125,9,32,1A8E_A
326,G,100.0,32,32,1A8E_A
327,T,0.0,0,32,1A8E_A
328,C,0.0,0,32,1A8E_A
0,K,15.625,5,32,1BWI_A
1,V,3.125,1,32,1BWI_A
2,F,0.0,0,32,1BWI_A
3,G,0.0,0,32,1BWI_A
4,R,93.75,30,32,1BWI_A
5,C,100.0,32,32,1BWI_A
6,E,100.0,32,32,1BWI_A
7,L,100.0,32,32,1BWI_A
8,A,100.0,32,32,1BWI_A
9,A,0.0,0,32,1BWI_A
10,A,0.0,0,32,1BWI_A
11,M,0.0,0,32,1BWI_A
12,K,100.0,32,32,1BWI_A
13,R,0.0,0,32,1BWI_A
14,H,3.125,1,32,1BWI_A
15,G,100.0,32,32,1BWI_A
16,L,53.125,17,32,1BWI_A
17,D,100.0,32,32,1BWI_A
18,N,100.0,32,32,1BWI_A
19,Y,93.75,30,32,1BWI_A
20,R,0.0,0,32,1BWI_A
21,G,100.0,32,32,1BWI_A
22,Y,75.0,24,32,1BWI_A
23,S,0.0,0,32,1BWI_A
24,L,100.0,32,32,1BWI_A
25,G,100.0,32,32,1BWI_A
26,N,0.0,0,32,1BWI_A
27,W,0.0,0,32,1BWI_A
28,V,100.0,32,32,1BWI_A
29,C,87.5,28,32,1BWI_A
30,A,0.0,0,32,1BWI_A
31,A,100.0,32,32,1BWI_A
32,K,50.0,16,32,1BWI_A
33,F,0.0,0,32,1BWI_A
34,E,43.75,14,32,1BWI_A
35,S,100.0,32,32,1BWI_A
36,N,96.875,31,32,1BWI_A
37,F,96.875,31,32,1BWI_A
38,N,0.0,0,32,1BWI_A
39,T,100.0,32,32,1BWI_A
40,Q,0.0,0,32,1BWI_A
41,A,0.0,0,32,1BWI_A
42,T,90.625,29,32,1BWI_A
43,N,0.0,0,32,1BWI_A
44,R,0.0,0,32,1BWI_A
45,N,0.0,0,32,1BWI_A
46,T,0.0,0,32,1BWI_A
47,D,100.0,32,32,1BWI_A
48,G,100.0,32,32,1BWI_A
49,S,100.0,32,32,1BWI_A
50,T,62.5,20,32,1BWI_A
51,D,0.0,0,32,1BWI_A
52,Y,100.0,32,32,1BWI_A
53,G,100.0,32,32,1BWI_A
54,I,28.125,9,32,1BWI_A
55,L,0.0,0,32,1BWI_A
56,Q,43.75,14,32,1BWI_A
57,I,100.0,32,32,1BWI_A
58,N,68.75,22,32,1BWI_A
59,S,9.375,3,32,1BWI_A
60,R,0.0,0,32,1BWI_A
61,W,0.0,0,32,1BWI_A
62,W,6.25,2,32,1BWI_A
63,C,100.0,32,32,1BWI_A
64,N,56.25,18,32,1BWI_A
65,D,100.0,32,32,1BWI_A
66,G,100.0,32,32,1BWI_A
67,R,0.0,0,32,1BWI_A
68,T,100.0,32,32,1BWI_A
69,P,96.875,31,32,1BWI_A
70,G,9.375,3,32,1BWI_A
71,S,0.0,0,32,1BWI_A
72,R,0.0,0,32,1BWI_A
73,N,100.0,32,32,1BWI_A
74,L,0.0,0,32,1BWI_A
75,C,100.0,32,32,1BWI_A
76,N,96.875,31,32,1BWI_A
77,I,81.25,26,32,1BWI_A
78,P,15.625,5,32,1BWI_A
79,C,100.0,32,32,1BWI_A
80,S,68.75,22,32,1BWI_A
81,A,0.0,0,32,1BWI_A
82,L,100.0,32,32,1BWI_A
83,L,100.0,32,32,1BWI_A
84,S,50.0,16,32,1BWI_A
85,S,0.0,0,32,1BWI_A
86,D,100.0,32,32,1BWI_A
87,I,28.125,9,32,1BWI_A
88,T,65.625,21,32,1BWI_A
89,A,0.0,0,32,1BWI_A
90,S,0.0,0,32,1BWI_A
91,V,81.25,26,32,1BWI_A
92,N,34.375,11,32,1BWI_A
93,C,100.0,32,32,1BWI_A
94,A,0.0,0,32,1BWI_A
95,K,100.0,32,32,1BWI_A
96,K,96.875,31,32,1BWI_A
97,I,71.875,23,32,1BWI_A
98,V,12.5,4,32,1BWI_A
99,S,90.625,29,32,1BWI_A
100,D,0.0,0,32,1BWI_A
101,G,100.0,32,32,1BWI_A
102,N,28.125,9,32,1BWI_A
103,G,100.0,32,32,1BWI_A
104,M,21.875,7,32,1BWI_A
105,N,25.0,8,32,1BWI_A
106,A,0.0,0,32,1BWI_A
107,W,0.0,0,32,1BWI_A
108,V,0.0,0,32,1BWI_A
109,A,6.25,2,32,1BWI_A
110,W,0.0,0,32,1BWI_A
111,R,0.0,0,32,1BWI_A
112,N,9.375,3,32,1BWI_A
113,R,0.0,0,32,1BWI_A
114,C,87.5,28,32,1BWI_A
115,K,96.875,31,32,1BWI_A
116,G,100.0,32,32,1BWI_A
117,T,0.0,0,32,1BWI_A
118,D,96.875,31,32,1BWI_A
119,V,100.0,32,32,1BWI_A
120,Q,0.0,0,32,1BWI_A
121,A,0.0,0,32,1BWI_A
122,W,0.0,0,32,1BWI_A
123,I,37.5,12,32,1BWI_A
124,R,0.0,0,32,1BWI_A
125,G,100.0,32,32,1BWI_A
126,C,100.0,32,32,1BWI_A
127,R,0.0,0,32,1BWI_A
128,L,100.0,32,32,1BWI_A
